{
    "users": {
        "6354377138": {
            "expiry": "2025-11-13T19:32:11.968958"
        },
        "8267612443": {
            "expiry": "2025-11-16T21:31:57.183376"
        },
        "8543557767": {
            "expiry": "2028-08-13T14:56:40.319776"
        },
        "1627908619": {
            "expiry": "2026-11-28T15:02:48.017121"
        }
    },
    "categories": {
        "photo": {
            "name": "عکس 🖼",
            "videos": [
                {
                    "type": "photo",
                    "data": "AgACAgIAAxkBAANeaRDTC4FaGzFOxYxaHxzkaMpaVdMAAi_VMRuhQFlJLlHBOCIOjGgBAAMCAAN5AAM2BA"
                },
                {
                    "type": "photo",
                    "data": "AgACAgIAAxkBAANfaRDTC64kHTPZYUf-9b3bSGyz_UEAAjDVMRuhQFlJUyGMfn9nUA8BAAMCAAN5AAM2BA"
                },
                {
                    "type": "photo",
                    "data": "AgACAgIAAxkBAANgaRDTC3CDcxRBiDv1iF7fM6aRlXMAAjHVMRuhQFlJNduFgsbxO9kBAAMCAAN5AAM2BA"
                },
                {
                    "type": "photo",
                    "data": "AgACAgIAAxkBAANhaRDTC0O55EU2vEwAAZdXSyGFCtlXAAIy1TEboUBZSeLCqgRj1R85AQADAgADeQADNgQ"
                },
                {
                    "type": "photo",
                    "data": "AgACAgIAAxkBAANqaRDTOlS4BJxYPn75umLeBSV2bOoAAjrSMRuzazlJ1EwYdCvUN8UBAAMCAAN5AAM2BA"
                },
                {
                    "type": "photo",
                    "data": "AgACAgIAAxkBAANraRDTOm237P2a_bVD0QGDJbXTEmoAAjbSMRuzazlJSB-CrVVWYOQBAAMCAAN4AAM2BA"
                },
                {
                    "type": "photo",
                    "data": "AgACAgIAAxkBAANsaRDTOgTjFmadLIuulxHB1TSqaugAAjnSMRuzazlJ5PZTZfygQYoBAAMCAAN4AAM2BA"
                },
                {
                    "type": "photo",
                    "data": "AgACAgIAAxkBAANtaRDTOgmJKtml-Q_oSH4dhQFJih0AAjfSMRuzazlJRId7R4lLBkEBAAMCAAN5AAM2BA"
                },
                {
                    "type": "photo",
                    "data": "AgACAgIAAxkBAANuaRDTOlPTPIlDGoi1zGrg1Cl4J1IAAjjSMRuzazlJlYuyBqryTIoBAAMCAAN5AAM2BA"
                },
                {
                    "type": "photo",
                    "data": "AgACAgIAAxkBAANvaRDTOk-a84MgpAm_W_W5B_mrYhAAAlnSMRuzazlJbmvNmqPvEgEBAAMCAAN5AAM2BA"
                },
                {
                    "type": "photo",
                    "data": "AgACAgIAAxkBAANwaRDTOr-FmVGgIcu_DQABfMFylIbjAAJd0jEbs2s5SXDxoO1nDZDgAQADAgADeQADNgQ"
                },
                {
                    "type": "photo",
                    "data": "AgACAgIAAxkBAANxaRDTOjnFFBgdGoqIgyXL1JEsNO0AAlvSMRuzazlJnz4mz4KaXtgBAAMCAAN5AAM2BA"
                },
                {
                    "type": "photo",
                    "data": "AgACAgIAAxkBAANyaRDTOv4SIdovYn8neixvhk3BYhgAAlrSMRuzazlJ10O2Dz1n098BAAMCAAN5AAM2BA"
                },
                {
                    "type": "photo",
                    "data": "AgACAgIAAxkBAANzaRDTOrqhQF0TYHaLl3X7Ha35ntEAAlzSMRuzazlJJFkp6z2QZbUBAAMCAAN5AAM2BA"
                },
                {
                    "type": "photo",
                    "data": "AgACAgIAAxkBAAN0aRDTOjw3l_8a-vyzC6Qt5VRGmxkAAprLMRvNPUhJIEI_d9D0Y7MBAAMCAAN5AAM2BA"
                },
                {
                    "type": "photo",
                    "data": "AgACAgIAAxkBAAN1aRDTOor4nwIQTP2L8V4SNXTs-Q4AAp3LMRvNPUhJZ4QJsO3lOXoBAAMCAAN5AAM2BA"
                },
                {
                    "type": "photo",
                    "data": "AgACAgIAAxkBAAN2aRDTOuf1_Hv-j5494xaEp0vKgTUAApzLMRvNPUhJCq9RuWMhpx8BAAMCAAN5AAM2BA"
                },
                {
                    "type": "photo",
                    "data": "AgACAgIAAxkBAAN3aRDTOvP4OiwuHHuaYYqsJo5a-gYAApvLMRvNPUhJrFeTxfGTQ6ABAAMCAAN5AAM2BA"
                },
                {
                    "type": "photo",
                    "data": "AgACAgIAAxkBAAN4aRDTOiKFTOybGiDpYK6tBcXGbwcAApnLMRvNPUhJFmqoYCrbOvkBAAMCAAN4AAM2BA"
                },
                {
                    "type": "photo",
                    "data": "AgACAgIAAxkBAAN5aRDTOoAFu81P3FTJZIKxfeS6SHQAAuXNMRvNPUhJz7SRl-jqSuYBAAMCAAN4AAM2BA"
                },
                {
                    "type": "photo",
                    "data": "AgACAgIAAxkBAAN6aRDTOlt2hVsbtLteasU1TURy-zEAAubNMRvNPUhJSB6VAs7Gnw8BAAMCAAN5AAM2BA"
                },
                {
                    "type": "photo",
                    "data": "AgACAgIAAxkBAAN7aRDTOqukEK2EC79Q5h_gOYplvmgAAijPMRt88llJXPYTWHRB6k0BAAMCAAN5AAM2BA"
                },
                {
                    "type": "photo",
                    "data": "AgACAgIAAxkBAAPAaRDT-puT3L9kTreH_QiGwYEDMQgAApPLMRvRA_FIVu5c_K2B4vgBAAMCAAN5AAM2BA"
                },
                {
                    "type": "photo",
                    "data": "AgACAgIAAxkBAAPBaRDT-jYeDgABuzpYbgH8I8w0895WAAKUyzEb0QPxSL8liOElnjulAQADAgADeAADNgQ"
                },
                {
                    "type": "photo",
                    "data": "AgACAgIAAxkBAAPCaRDT-uslR72K02KIR2w1aZx6P4YAApXLMRvRA_FIqVAd9GCl9eABAAMCAAN5AAM2BA"
                },
                {
                    "type": "photo",
                    "data": "AgACAgIAAxkBAAPDaRDT-p_eoIr_rsEqsZ3KpNiZV58AApbLMRvRA_FIo45x3jWAm08BAAMCAAN5AAM2BA"
                },
                {
                    "type": "photo",
                    "data": "AgACAgIAAxkBAAPEaRDT-nwGJnFpF8EwMn0vFbWD1NMAApfLMRvRA_FIKCqsCm7YLg4BAAMCAAN4AAM2BA"
                },
                {
                    "type": "photo",
                    "data": "AgACAgIAAxkBAAPFaRDT-sqzb2e6K-Duuyuaul1DB6wAApjLMRvRA_FI_g0kdYkwXpEBAAMCAAN5AAM2BA"
                },
                {
                    "type": "photo",
                    "data": "AgACAgIAAxkBAAPGaRDT-lgQ3VBWhD7otwMMbsh3A2IAAqjLMRvRA_FIrMexRSCfqasBAAMCAAN5AAM2BA"
                },
                {
                    "type": "photo",
                    "data": "AgACAgIAAxkBAAPHaRDT-vDZT9VgZu_V4Wd51V6reKYAAqPLMRvRA_FI37emvaGYdkMBAAMCAAN5AAM2BA"
                },
                {
                    "type": "photo",
                    "data": "AgACAgIAAxkBAAPJaRDT-vSFMy-_kPTmbUrKpoORmf8AAqXLMRvRA_FInCBhUN1AKCQBAAMCAAN5AAM2BA"
                },
                {
                    "type": "photo",
                    "data": "AgACAgIAAxkBAAPKaRDT-mhOXslPjM56k_-L6nbXNdkAAqbLMRvRA_FIMshh8mrb26MBAAMCAAN4AAM2BA"
                },
                {
                    "type": "photo",
                    "data": "AgACAgIAAxkBAAPLaRDT-g5d6ICvSGAEDOTN0ITzNzQAAqfLMRvRA_FI27nLX_niLQ0BAAMCAAN5AAM2BA"
                },
                {
                    "type": "photo",
                    "data": "AgACAgIAAxkBAAPIaRDT-h53mo_-SmC-c1clISvzPdwAAqTLMRvRA_FIGJibJtn7364BAAMCAAN5AAM2BA"
                },
                {
                    "type": "photo",
                    "data": "AgACAgIAAxkBAAPMaRDT-lKQx0ZXDPf2UQH736qKLYcAAsDPMRtcE_hIE8H_8Ac13noBAAMCAAN5AAM2BA"
                },
                {
                    "type": "photo",
                    "data": "AgACAgIAAxkBAAPPaRDT-vUEMNOuZd3gMvqyyepZdUkAAtPPMRtcE_hI7Qov2-pp4T0BAAMCAAN5AAM2BA"
                },
                {
                    "type": "photo",
                    "data": "AgACAgIAAxkBAAPQaRDT-qBKWjWuM8N4bDqo2W-kMDkAAtTPMRtcE_hIQBZKegj4OvkBAAMCAAN5AAM2BA"
                },
                {
                    "type": "photo",
                    "data": "AgACAgIAAxkBAAPNaRDT-jx4-u4vZw7iai545jlCcscAAtHPMRtcE_hIe79ERyDiW68BAAMCAAN4AAM2BA"
                },
                {
                    "type": "photo",
                    "data": "AgACAgIAAxkBAAPRaRDT-lzFLItVKT3NNthqI5YxxKsAAtXPMRtcE_hIqH7USdKPlSYBAAMCAAN4AAM2BA"
                },
                {
                    "type": "photo",
                    "data": "AgACAgIAAxkBAAPOaRDT-uYAASD_RQ3255yytVBus-ZcAALQzzEbXBP4SJH15qNB-JsIAQADAgADeQADNgQ"
                },
                {
                    "type": "photo",
                    "data": "AgACAgIAAxkBAAPVaRDT-jGfDnh6zU5dKFFaa8DkbSMAA9QxG4iFMUnOnitiEP7TgQEAAwIAA3kAAzYE"
                },
                {
                    "type": "photo",
                    "data": "AgACAgIAAxkBAAPSaRDT-gTiI0RB9PvVLm-wp6wenKoAAtLPMRtcE_hI-HtZcnSMXWUBAAMCAAN4AAM2BA"
                },
                {
                    "type": "photo",
                    "data": "AgACAgIAAxkBAAPTaRDT-prbA-Z2Jkz-KoleV69tnV4AAm_OMRsIuRlJVOlwArrNovwBAAMCAAN5AAM2BA"
                },
                {
                    "type": "photo",
                    "data": "AgACAgIAAxkBAAPUaRDT-gMtS4Bk9olR5Mfqq8CrTT8AAv_TMRuIhTFJZYOqaeACmnkBAAMCAAN5AAM2BA"
                }
            ]
        },
        "cum": {
            "name": "Cum 💄",
            "videos": [
                {
                    "type": "photo",
                    "data": "AgACAgIAAxkBAAIBAmkQ1UXbotyhG1a7YNXOc5B8KJAVAAJ03zEb5fFoSA5nGOg1pyHUAQADAgADeQADNgQ"
                },
                {
                    "type": "photo",
                    "data": "AgACAgIAAxkBAAIBA2kQ1UX5k502oexljomeUsn30oqaAAJ23zEb5fFoSJrkI4FNWam5AQADAgADeQADNgQ"
                },
                {
                    "type": "photo",
                    "data": "AgACAgIAAxkBAAIBBWkQ1UVKOgABls_6r2dm45gAARhZT4wAAnjfMRvl8WhIh-s1Jv2bun4BAAMCAAN5AAM2BA"
                },
                {
                    "type": "photo",
                    "data": "AgACAgIAAxkBAAIBBmkQ1UUrQX_uI2BPrQb0uZsFzgMHAAKO3zEb5fFoSITZowcff9rfAQADAgADeQADNgQ"
                },
                {
                    "type": "photo",
                    "data": "AgACAgIAAxkBAAIBCGkQ1UV_2Lak1US0MApIr0YjoBoNAAKV3zEb5fFoSLgxBXwoMdEvAQADAgADeQADNgQ"
                },
                {
                    "type": "photo",
                    "data": "AgACAgIAAxkBAAIBCmkQ1UXui518o7njmL-ipOjyJRt0AAKW3zEb5fFoSLimirp8PTx-AQADAgADeQADNgQ"
                },
                {
                    "type": "photo",
                    "data": "AgACAgIAAxkBAAIBGGkQ1fyFJ4gYBvkSsbgNdpjC8UBUAAJo3zEb5fFoSHmxFUCQBh4AAQEAAwIAA3gAAzYE"
                },
                {
                    "type": "video",
                    "data": "BAACAgIAAxkBAAIBGWkQ1fwYPW8n08NW0xnb2ZVb5-zcAALxUAAC5fFoSO-Vjbnl3fwfNgQ"
                },
                {
                    "type": "photo",
                    "data": "AgACAgIAAxkBAAIBGmkQ1fwh1vxytG1BxXwdbficcg4BAAJs3zEb5fFoSF3fDlDUg-HbAQADAgADeQADNgQ"
                },
                {
                    "type": "video",
                    "data": "BAACAgIAAxkBAAIBG2kQ1fwONIDjD3bJ3ODm_p0oGPm4AAL7UAAC5fFoSKRLqmKSzQtyNgQ"
                },
                {
                    "type": "photo",
                    "data": "AgACAgIAAxkBAAIBHGkQ1fzn7Mxh3MJO_Wf_NLeURP_RAAJv3zEb5fFoSAGVxB-qSU8YAQADAgADeQADNgQ"
                },
                {
                    "type": "photo",
                    "data": "AgACAgIAAxkBAAIBJ2kQ1uol5md4_yNhJqgaWBnijAABUQACZN8xG-XxaEhEut4D-pCrIwEAAwIAA3kAAzYE"
                },
                {
                    "type": "video",
                    "data": "BAACAgIAAxkBAAIBKGkQ1uouzDnn0W2g8OaA6QUyC_pAAALqUAAC5fFoSOAlki6sl8OSNgQ"
                },
                {
                    "type": "photo",
                    "data": "AgACAgIAAxkBAAIBKWkQ1urCMShePCkZgamI-WiyNgY0AAJl3zEb5fFoSBKui-6v232iAQADAgADeQADNgQ"
                },
                {
                    "type": "video",
                    "data": "BAACAgIAAxkBAAIBKmkQ1uqfrDExCgyeu4HXhwVCK5hwAALuUAAC5fFoSESIkWnttQMiNgQ"
                },
                {
                    "type": "photo",
                    "data": "AgACAgIAAxkBAAIBK2kQ1uoqOY-EJSXDiTKypNqXaZ17AAJn3zEb5fFoSKFjPvQ9GHiOAQADAgADeQADNgQ"
                }
            ]
        },
        "bdsm": {
            "name": "BDSM ⛓️",
            "videos": [
                {
                    "type": "video",
                    "data": "BAACAgIAAxkBAAIBOGkQ10aMmxdGoziuOGdXQkVwWn9cAALsVgACcEigSk-PRUukRrzkNgQ"
                },
                {
                    "type": "video",
                    "data": "BAACAgIAAxkBAAIBOmkQ10aIwttcKnifHmhrV2DL6Lq6AALwVgACcEigSmCGomkEoG6WNgQ"
                },
                {
                    "type": "video",
                    "data": "BAACAgIAAxkBAAIBO2kQ10YXoX6P8RB_0qKCAAEeTok6gwAC8lYAAnBIoEqNTgkXKldo4jYE"
                },
                {
                    "type": "video",
                    "data": "BAACAgIAAxkBAAIBRmkQ14xAm78OaLP7YktMpBMLZbfAAALWVgACcEigSngAAfC5mHhWITYE"
                },
                {
                    "type": "video",
                    "data": "BAACAgIAAxkBAAIBR2kQ14wWCT2rAAGw8UNmAAEJKgABeFdsAALXVgACcEigSoKkkXpiV2_pNgQ"
                },
                {
                    "type": "video",
                    "data": "BAACAgIAAxkBAAIBSGkQ14zCybWIYyP5ZN0S7YHvuVWVAALYVgACcEigSlxprYUmzJZiNgQ"
                },
                {
                    "type": "video",
                    "data": "BAACAgIAAxkBAAIBSWkQ14x_2E62XDiRPhyC7trAvxE8AALdVgACcEigSjm_rR93wfIiNgQ"
                },
                {
                    "type": "video",
                    "data": "BAACAgIAAxkBAAIBSmkQ14y5eafz_-wFjPxDulR-t_sxAALjVgACcEigSu0ujtPCHCWXNgQ"
                },
                {
                    "type": "video",
                    "data": "BAACAgIAAxkBAAIBoGkQ2QEVYZmxO2UYOIplqGDWEInxAALMVgACcEigSvsfbBM9NLmhNgQ"
                },
                {
                    "type": "video",
                    "data": "BAACAgIAAxkBAAIBoWkQ2QHc0qSIx6uKLeC4u-Jln9QiAALNVgACcEigSoxhxmfFbpN4NgQ"
                },
                {
                    "type": "video",
                    "data": "BAACAgIAAxkBAAIBomkQ2QFCKq9QEH_0zfIrLqAkTMY5AALPVgACcEigStVK3TAxjAxJNgQ"
                },
                {
                    "type": "video",
                    "data": "BAACAgIAAxkBAAIBo2kQ2QFna02dWIjVaVT0XSocuvjnAALQVgACcEigSoLLG1zZhsedNgQ"
                },
                {
                    "type": "video",
                    "data": "BAACAgIAAxkBAAIBpGkQ2QFX-CQhnXxOCUooycfJopzeAALRVgACcEigSs6GRtCT57b0NgQ"
                }
            ]
        },
        "blowjob": {
            "name": "BlowJob 👄",
            "videos": [
                {
                    "type": "video",
                    "data": "BAACAgIAAxkBAAIBPGkQ10Y6C82FRuu892Ci6pIrtmvgAALzVgACcEigSs9DncNfcQnKNgQ"
                },
                {
                    "type": "video",
                    "data": "BAACAgIAAxkBAAIBs2kQ2pOW6VR1G7GuZjF-uAXBM8o5AAK8SQACjpWJS-HRVJWPjFaENgQ"
                },
                {
                    "type": "video",
                    "data": "BAACAgIAAxkBAAIBsmkQ2pOAh2T-gzPZBR1YoS6msHIIAALHSQACjpWJSwa0sDLPamWdNgQ"
                },
                {
                    "type": "video",
                    "data": "BAACAgIAAxkBAAIBsWkQ2pO7ZoQI_i-Prs0FrK4jROcjAALESQACjpWJS1i-Q6VFGjf2NgQ"
                },
                {
                    "type": "video",
                    "data": "BAACAgIAAxkBAAIBsGkQ2pPECXcFBOXMbp83W73J6-L-AALDSQACjpWJS9VQ3jn3BzIAATYE"
                },
                {
                    "type": "video",
                    "data": "BAACAgIAAxkBAAIBr2kQ2pNyKnRZB80GHj3m0r-UU2cSAAK9SQACjpWJS-wqOgcvCsQUNgQ"
                }
            ]
        },
        "lesbian": {
            "name": "🌈 لزبین",
            "videos": [
                {
                    "type": "video",
                    "data": "BAACAgIAAxkBAAIC0GkUwn5_UXEjT7qSeCUmgKAIkWLbAAJ6XgACzsdJS0NAG6hQSVZvNgQ"
                },
                {
                    "type": "video",
                    "data": "BAACAgIAAxkBAAIC0WkUwn78Fdm0rHNqP4kXL2UDs5OMAAIINwACuywIS5Sr5YlI7Z4lNgQ"
                },
                {
                    "type": "video",
                    "data": "BAACAgIAAxkBAAIC0mkUwn7HGPZs31bAeJz0LZY18NLkAAIJNwACuywISzcGqS39prxHNgQ"
                },
                {
                    "type": "video",
                    "data": "BAACAgIAAxkBAAIC02kUwn7Y-_z1HcBA_snCPFShXLUQAAKLWwACgLlQS7syBZlV-S0sNgQ"
                },
                {
                    "type": "video",
                    "data": "BAACAgIAAxkBAAIC1GkUwn6_JJHI3MXSW6MecOGJ2hBmAAIKNwACuywIS2VN_7ug4GzqNgQ"
                },
                {
                    "type": "video",
                    "data": "BAACAgIAAxkBAAIC5GkUwwZK_dJj3NtXVGeW40lJq91mAAIGNwACuywIS8cveTwkgK3sNgQ"
                },
                {
                    "type": "video",
                    "data": "BAACAgIAAxkBAAIC42kUwwbLD2ig4uFpjIzclTb4tDw_AAKwYgACzsdBSws4Uy43TU4NNgQ"
                },
                {
                    "type": "video",
                    "data": "BAACAgIAAxkBAAIC4WkUwwZ4Zzz4lDyXglDZEOPcXkzXAALdZQACzsc5S8fFRpdFqZv8NgQ"
                },
                {
                    "type": "video",
                    "data": "BAACAgIAAxkBAAIC4GkUwwbD4ui9BI7HrVOFF_gSqC9OAALoOQACuywAAUvCXEkJdBp_AAE2BA"
                },
                {
                    "type": "video",
                    "data": "BAACAgIAAxkBAAIC32kUwwafg5fbK4KQqId8uYELPwABHAAC7mkAArQfOEtAtIcby5eSMDYE"
                },
                {
                    "type": "video",
                    "data": "BAACAgIAAxkBAAIC72kUwx-iORySUk2xN-1eyWoBWJUbAALgOQACuywAAUsurpNz7KyqdDYE"
                },
                {
                    "type": "video",
                    "data": "BAACAgIAAxkBAAIC8GkUwx8cuYLGOMwZgtpYfPkWnR9lAAL5XAACpbIoS2rjdAacsriRNgQ"
                },
                {
                    "type": "video",
                    "data": "BAACAgIAAxkBAAIC82kUwx8_oy8udoG4Mkm2Mqte6vfNAALmOQACuywAAUvc2x__Air2fTYE"
                },
                {
                    "type": "video",
                    "data": "BAACAgIAAxkBAAIC8mkUwx9aNKJiY9SNaOVPkP4Cr0ucAAK-ZQACtB8wS58dFzhw6DRBNgQ"
                },
                {
                    "type": "video",
                    "data": "BAACAgIAAxkBAAIC8WkUwx-XJ6tcuqtBBkr-jbhUOpUTAALkOQACuywAAUtX_nesM7O0kzYE"
                },
                {
                    "type": "video",
                    "data": "BAACAgIAAxkBAAIC_mkUxC4Uu_UsQIl3-qwDB5Bp1rIEAAJKYAACNCMhS12JdereF6U1NgQ"
                },
                {
                    "type": "video",
                    "data": "BAACAgIAAxkBAAIC_2kUxC7Qx3Q06OJWCzr0IxdQyyYWAALdOQACuywAAUvnjFfdC9RtiDYE"
                },
                {
                    "type": "video",
                    "data": "BAACAgIAAxkBAAIDAAFpFMQu_gOnwBb5O0MPacuEKoAGRAACalMAAqWyKEtZT0Jg6Id1ZzYE"
                },
                {
                    "type": "video",
                    "data": "BAACAgIAAxkBAAIDAWkUxC5GMk-YtTvcXiWusHyHR7FeAALeOQACuywAAUs1tKDl_7ly4TYE"
                },
                {
                    "type": "video",
                    "data": "BAACAgIAAxkBAAIDAmkUxC5j0Mc9qfyErzkYtksxjm63AAKmWQACpbIoS6n2ZXVXA2N7NgQ"
                }
            ]
        },
        "one_minute": {
            "name": "لذت ۱ دقیقه‌ای 1️⃣",
            "videos": []
        },
        "nude": {
            "name": "🪞نود",
            "videos": [
                {
                    "type": "photo",
                    "data": "AgACAgQAAxkBAAIRYGkps4zNBqB2v3IUjvKHYNkfYfM_AAJRDGsbtIRhUI_pYLyQmWcOAQADAgADeQADNgQ",
                    "time": "2025-11-28T15:05:42.403871"
                },
                {
                    "type": "photo",
                    "data": "AgACAgQAAxkBAAIRX2kps4w7P8BbWkovf567mCU2yZiRAAJfC2sbke1AUA3HvMjgbUjcAQADAgADdwADNgQ",
                    "time": "2025-11-28T15:05:42.188820"
                },
                {
                    "type": "photo",
                    "data": "AgACAgQAAxkBAAIRXmkps4wTiMYxi--yzzxExYus1PU1AAJgC2sbke1AUBiHqRg0qnPyAQADAgADdwADNgQ",
                    "time": "2025-11-28T15:05:42.003348"
                },
                {
                    "type": "photo",
                    "data": "AgACAgQAAxkBAAIRXWkps4z7gMB_sJBUmj3yvYCjy6hpAAJhC2sbke1AUHLfjBTCFswSAQADAgADdwADNgQ",
                    "time": "2025-11-28T15:05:41.797684"
                },
                {
                    "type": "photo",
                    "data": "AgACAgQAAxkBAAIRXGkps4ye6ziSaR-vt1JwL3hwbXd4AAJEDGsbyf9ZUH7s3rVhXUTSAQADAgADdwADNgQ",
                    "time": "2025-11-28T15:05:41.198582"
                },
                {
                    "type": "photo",
                    "data": "AgACAgQAAxkBAAIRb2kps6XZFmNGdezEHKTQ4ncEOWmqAAJgDGsb-mIoUVrNTJZfgsliAQADAgADdwADNgQ",
                    "time": "2025-11-28T15:06:04.650407"
                },
                {
                    "type": "photo",
                    "data": "AgACAgQAAxkBAAIRbmkps6ViVw6_P47YTJN67Wqc4QABIQACoQtrG5HtSFC1NsfNv6ZBCgEAAwIAA3cAAzYE",
                    "time": "2025-11-28T15:06:04.409480"
                },
                {
                    "type": "photo",
                    "data": "AgACAgQAAxkBAAIRbWkps6X-dvTYgmhUzdQ9KxmAHMBvAAKUC2sbke1IUCDcJUwRgdkIAQADAgADeQADNgQ",
                    "time": "2025-11-28T15:06:04.176328"
                },
                {
                    "type": "photo",
                    "data": "AgACAgQAAxkBAAIRbGkps6Uv29IhTxy_BEmyk2DlFoChAAJrDGsbfVfVUIeiBA7yLiglAQADAgADeQADNgQ",
                    "time": "2025-11-28T15:06:03.954331"
                },
                {
                    "type": "photo",
                    "data": "AgACAgQAAxkBAAIRa2kps6UiNxqtAcjz94w7k_n7hcNQAALBC2sbGU7UUK4_2KIQ-CRdAQADAgADeQADNgQ",
                    "time": "2025-11-28T15:06:03.578564"
                },
                {
                    "type": "photo",
                    "data": "AgACAgQAAxkBAAIS-mkpv0IJBHcn48mJeLrJA2Nxh9p2AAIfujEbjd98UTU8ApicsqqGAQADAgADeQADNgQ",
                    "time": "2025-11-28T15:26:59.277315"
                },
                {
                    "type": "photo",
                    "data": "AgACAgQAAxkBAAIS-Wkpv0KjOgRfo34bENE2G25xEVfoAAJCxzEbaDLBUkoQ-Wg_ZgfoAQADAgADdwADNgQ",
                    "time": "2025-11-28T15:26:59.089041"
                },
                {
                    "type": "photo",
                    "data": "AgACAgQAAxkBAAIS-Gkpv0IaM1QnJNVhUVIn5BIjxtTpAAJDxzEbaDLBUpKy-_Bny5tMAQADAgADdwADNgQ",
                    "time": "2025-11-28T15:26:58.930841"
                },
                {
                    "type": "photo",
                    "data": "AgACAgQAAxkBAAIS92kpv0KObm4ONrlsvvCM7eHwnVfFAAKLxTEbIpqhUiUGNCFsTHRkAQADAgADdwADNgQ",
                    "time": "2025-11-28T15:26:58.759630"
                },
                {
                    "type": "photo",
                    "data": "AgACAgQAAxkBAAIS9mkpv0LWDzVpB37mm3hPLe0OAjm7AAKMxTEbIpqhUuzSfRcNkyu5AQADAgADdwADNgQ",
                    "time": "2025-11-28T15:26:58.409798"
                },
                {
                    "type": "photo",
                    "data": "AgACAgQAAxkBAAITB2kpv1xSBS0TccfM224e-TnFH5aaAAI-zTEbIBuZUtB7SJnTG7ekAQADAgADeAADNgQ",
                    "time": "2025-11-28T15:27:25.600826"
                },
                {
                    "type": "photo",
                    "data": "AgACAgQAAxkBAAITCGkpv1ynn4f_J4lC8Ctyf7X9Nf4NAAI_zTEbIBuZUq6BmKTFLwcyAQADAgADdwADNgQ",
                    "time": "2025-11-28T15:27:25.442963"
                },
                {
                    "type": "photo",
                    "data": "AgACAgQAAxkBAAITB2kpv1xSBS0TccfM224e-TnFH5aaAAI-zTEbIBuZUtB7SJnTG7ekAQADAgADeAADNgQ",
                    "time": "2025-11-28T15:27:25.276547"
                },
                {
                    "type": "photo",
                    "data": "AgACAgQAAxkBAAITBmkpv1x1e-wwX9Kz6L3S5n3sMDIhAAI9zTEbIBuZUh-NxJsb5IuZAQADAgADeQADNgQ",
                    "time": "2025-11-28T15:27:25.119056"
                },
                {
                    "type": "photo",
                    "data": "AgACAgQAAxkBAAITBWkpv1yjYrUQGmB3SNcx8DfVZoR9AAI8zTEbIBuZUs09d6f4T2izAQADAgADdwADNgQ",
                    "time": "2025-11-28T15:27:24.711434"
                },
                {
                    "type": "photo",
                    "data": "AgACAgQAAxkBAAITH2kpv3hIEHkWDxx5-JUhow645pJmAAI7zTEbIBuZUgrrCVgFVrtrAQADAgADdwADNgQ",
                    "time": "2025-11-28T15:27:53.648303"
                },
                {
                    "type": "photo",
                    "data": "AgACAgQAAxkBAAITHmkpv3hCCUrjZGTmYA_M54xxpXOSAAI5zTEbIBuZUkVvf7Y5lezxAQADAgADdwADNgQ",
                    "time": "2025-11-28T15:27:53.506502"
                },
                {
                    "type": "photo",
                    "data": "AgACAgQAAxkBAAITHWkpv3js5lI-xIxubENkw24h-pUBAAI3zTEbIBuZUiDXIDRrpTnkAQADAgADeQADNgQ",
                    "time": "2025-11-28T15:27:53.363380"
                },
                {
                    "type": "photo",
                    "data": "AgACAgQAAxkBAAITHGkpv3g0ClodlnQ9ELNNJXtecQqnAAI2zTEbIBuZUvZru9UecChZAQADAgADeQADNgQ",
                    "time": "2025-11-28T15:27:53.213876"
                },
                {
                    "type": "photo",
                    "data": "AgACAgQAAxkBAAITG2kpv3i4eTD8wtioc8VtFnOnB3XzAAI0zTEbIBuZUmdhhkePmcYLAQADAgADeQADNgQ",
                    "time": "2025-11-28T15:27:53.045223"
                },
                {
                    "type": "photo",
                    "data": "AgACAgQAAxkBAAITGmkpv3jK5CwuO_iPLZjml7fzyLH6AAI1zTEbIBuZUgd9q_mdiVojAQADAgADeQADNgQ",
                    "time": "2025-11-28T15:27:52.732735"
                },
                {
                    "type": "photo",
                    "data": "AgACAgQAAxkBAAITLGkpv4Y25fh9BfentirCAzAEaev9AAIyzTEbIBuZUgABLk2k29-R7QEAAwIAA3kAAzYE",
                    "time": "2025-11-28T15:28:06.745642"
                }
            ]
        },
        "Irani": {
            "name": "🇮🇷 وطنی",
            "videos": [
                {
                    "type": "video",
                    "data": "BAACAgQAAxkBAAISI2kpvWfOpgEtol2qpS9h0uC0bMP4AAI7EwACnMNRUK4LHKGTzzcmNgQ",
                    "time": "2025-11-28T15:19:03.734597"
                },
                {
                    "type": "photo",
                    "data": "AgACAgQAAxkBAAITLWkpv4YNTz5eUcbKvjDGmdQDSNHnAAIxzTEbIBuZUm8GohxQI8GlAQADAgADeQADNgQ",
                    "time": "2025-11-28T15:28:07.103523"
                },
                {
                    "type": "video",
                    "data": "BAACAgQAAxkBAAITMmkpwCFkgaCFk0_bhctyZ_nHoc9xAAIRGwACj8mJU9F3NP0DL-ewNgQ",
                    "time": "2025-11-28T15:30:41.733266"
                },
                {
                    "type": "video",
                    "data": "BAACAgQAAxkBAAITNWkpwE3MC-iOEQTUCnb87C_-4G7cAAKuHAACavuwUeCemue1dwZ2NgQ",
                    "time": "2025-11-28T15:31:25.247264"
                }
            ]
        },
        "russian": {
            "name": "🇷🇺 روسی",
            "videos": [
                {
                    "type": "video",
                    "data": "BAACAgIAAxkBAAIS2mkpvv5H6TYMXB6MjS6m9m8TV4KGAAIXFQACztGISQ3hH1Lh9TOlNgQ",
                    "time": "2025-11-28T15:25:51.138232"
                },
                {
                    "type": "video",
                    "data": "BAACAgIAAxkBAAIS2Wkpvv5cBkYuGKJraJ29aOFbdg_IAALyCQACt-BgSCH6ZpiPfF3cNgQ",
                    "time": "2025-11-28T15:25:50.948208"
                },
                {
                    "type": "photo",
                    "data": "AgACAgIAAxkBAAIS2Gkpvv5K6lMDgTJDPIS-eUmqNOGQAAI0tjEbc3noSassxAvm8tPHAQADAgADeQADNgQ",
                    "time": "2025-11-28T15:25:50.601248"
                },
                {
                    "type": "video",
                    "data": "BAACAgIAAxkBAAIS42kpvw-fal2ltffavrX-MCvAMwLBAALvHwACcDipSo1Bp9IIa-SiNgQ",
                    "time": "2025-11-28T15:26:08.808466"
                },
                {
                    "type": "video",
                    "data": "BAACAgIAAxkBAAIS4mkpvw-Eu8UlAAH6EVRd4RScNjENdAAC5h8AAg7JoEql38NZFfF70DYE",
                    "time": "2025-11-28T15:26:08.580345"
                },
                {
                    "type": "video",
                    "data": "BAACAgIAAxkBAAIS4Wkpvw9WIvO19s7Wj35N359a5gw3AAJqIgAC04LgSLJ93aj-NmCsNgQ",
                    "time": "2025-11-28T15:26:08.092567"
                },
                {
                    "type": "video",
                    "data": "BAACAgIAAxkBAAIS7Wkpvx1m2qtsDS1oHAQLg8R9JBBPAAKuHwACPQ3oSZXX05Po6MJeNgQ",
                    "time": "2025-11-28T15:26:22.613309"
                },
                {
                    "type": "video",
                    "data": "BAACAgIAAxkBAAIS7Gkpvx0jIBTDr-59tuKBU2WLb44sAAIQHgAC0XtRSSVQwfxLjtT7NgQ",
                    "time": "2025-11-28T15:26:22.443332"
                },
                {
                    "type": "video",
                    "data": "BAACAgIAAxkBAAIS2mkpvv5H6TYMXB6MjS6m9m8TV4KGAAIXFQACztGISQ3hH1Lh9TOlNgQ",
                    "time": "2025-11-28T15:26:22.230295"
                },
                {
                    "type": "video",
                    "data": "BAACAgIAAxkBAAIS2Wkpvv5cBkYuGKJraJ29aOFbdg_IAALyCQACt-BgSCH6ZpiPfF3cNgQ",
                    "time": "2025-11-28T15:26:21.856337"
                }
            ]
        },
        "chubby": {
            "name": "👩🏿‍🦯 تپل",
            "videos": [
                {
                    "type": "video",
                    "data": "BAACAgIAAxkBAAISwGkpvsJ_3RKZ_49OUYxSEovB9-ccAAL4SAACGSdBSrsjzAwndEIJNgQ",
                    "time": "2025-11-28T15:24:51.278125"
                }
            ]
        },
        "cuckold": {
            "name": "🤎 کاکولد",
            "videos": [
                {
                    "type": "video",
                    "data": "BAACAgIAAxkBAAISKmkpvbzwINCPb-GB7LshZ2ISgn2LAAOFAAKKI3lIFwdpz_HPsAABNgQ",
                    "time": "2025-11-28T15:20:29.507258"
                },
                {
                    "type": "video",
                    "data": "BAACAgIAAxkBAAISKWkpvbxSvkiVX7HkYIA7kfB0LiYXAALoQwAC5eRBShdstjQaTZz1NgQ",
                    "time": "2025-11-28T15:20:29.293406"
                },
                {
                    "type": "video",
                    "data": "BAACAgIAAxkBAAISKGkpvbwDDcxEekFKrSqSD8Mku8AbAAIwcwACZ9ghSy84zjURJYZDNgQ",
                    "time": "2025-11-28T15:20:29.051284"
                },
                {
                    "type": "video",
                    "data": "BAACAgIAAxkBAAISJ2kpvbxkyTYMlIU1YNzP32kI3Q-EAAIvcwACZ9ghSy9sORE2-infNgQ",
                    "time": "2025-11-28T15:20:28.821782"
                },
                {
                    "type": "video",
                    "data": "BAACAgQAAxkBAAISJmkpvbz5FWQRhfTR-DNP8TxV6GrCAAIXDwAC-gxZUgJ_FRt1T7GINgQ",
                    "time": "2025-11-28T15:20:28.436155"
                },
                {
                    "type": "video",
                    "data": "BAACAgIAAxkBAAISRGkpvdKSQ8gjlonRWvVdvbr-9APlAAJuDgACTc9pSzN3LzXgetPNNgQ",
                    "time": "2025-11-28T15:20:51.923484"
                },
                {
                    "type": "video",
                    "data": "BAACAgIAAxkBAAISQ2kpvdJULqP4g5amRbMT9k2uO3s8AALkZwAC4EvQSD59TKZcGhY3NgQ",
                    "time": "2025-11-28T15:20:51.772865"
                },
                {
                    "type": "video",
                    "data": "BAACAgIAAxkBAAISQmkpvdIYEtzaoY0XnGRot4rRv_BuAAIuegACavhwSrv1fIUVG6w7NgQ",
                    "time": "2025-11-28T15:20:51.593833"
                },
                {
                    "type": "video",
                    "data": "BAACAgIAAxkBAAISQWkpvdLd-VxHrx6rpJBH5R4n-rO5AAKqLQACq0jQSNbtrxR6Sr0MNgQ",
                    "time": "2025-11-28T15:20:51.393244"
                },
                {
                    "type": "video",
                    "data": "BAACAgIAAxkBAAISQGkpvdLO_LyREcsZe9V_o67frjNpAAKwcwAC-EURS-W2OR9c6vuONgQ",
                    "time": "2025-11-28T15:20:51.065609"
                },
                {
                    "type": "video",
                    "data": "BAACAgIAAxkBAAISVGkpveuVvkC7pXVax4I2LkayCv4cAAKjTAACcmOASM-gf4tDTzN7NgQ",
                    "time": "2025-11-28T15:21:16.233481"
                },
                {
                    "type": "video",
                    "data": "BAACAgIAAxkBAAISU2kpvetpK0GQrmao6ana1oufhoiEAALjSAAC2mJpSAaGhWukO0FPNgQ",
                    "time": "2025-11-28T15:21:16.076353"
                },
                {
                    "type": "video",
                    "data": "BAACAgIAAxkBAAISUmkpvesG0iSYTsFJspiQH6jRv5IyAAJrSgACy5kQSkrc0FI4tt5cNgQ",
                    "time": "2025-11-28T15:21:15.921460"
                },
                {
                    "type": "video",
                    "data": "BAACAgIAAxkBAAISUWkpvevzIiUL-WFCAAGNlUYBYD28KAACaUoAAsuZEErfIxS23AW8UjYE",
                    "time": "2025-11-28T15:21:15.779954"
                },
                {
                    "type": "video",
                    "data": "BAACAgIAAxkBAAISUGkpveuy4oHIR5B6LAr6m0_GI_URAAIjdQACvEB4S-pTca6wAAGZSjYE",
                    "time": "2025-11-28T15:21:15.607287"
                },
                {
                    "type": "video",
                    "data": "BAACAgIAAxkBAAIST2kpvevc7FfH87jKVxilBm74YBJIAAJXKwACMbUBSYmpyqcXqLW8NgQ",
                    "time": "2025-11-28T15:21:15.286632"
                },
                {
                    "type": "video",
                    "data": "BAACAgIAAxkBAAISZmkpvghvvIRD78S6led23iuJRgABJwACa0kAAozUYEoiZajuqrOJ3jYE",
                    "time": "2025-11-28T15:21:45.862584"
                },
                {
                    "type": "video",
                    "data": "BAACAgIAAxkBAAISZWkpvgh08lBsei_0BeqFMDeGYuC2AAIpTgAC1nJYSnFcT295T2HPNgQ",
                    "time": "2025-11-28T15:21:45.701978"
                },
                {
                    "type": "video",
                    "data": "BAACAgIAAxkBAAISZGkpvggMqDJMM6iqWUiOeep-qAj0AAIKLAACqrdZSfvipnZDeRfJNgQ",
                    "time": "2025-11-28T15:21:45.533626"
                },
                {
                    "type": "video",
                    "data": "BAACAgIAAxkBAAISY2kpvgib9XKczpqQZDAIEwIM7L5tAAKMVgACD-OJS6j8F0scrhOlNgQ",
                    "time": "2025-11-28T15:21:45.385789"
                },
                {
                    "type": "video",
                    "data": "BAACAgIAAxkBAAISYmkpvghsLJOgGVU5AAGsjtjoJeVYXQAC1VYAAg_jiUt_oYyZDDMUnjYE",
                    "time": "2025-11-28T15:21:45.234859"
                },
                {
                    "type": "video",
                    "data": "BAACAgIAAxkBAAISYWkpvghsd7BE2D24N18LEuzcu9UGAAL0TQACcmOISOql9d3R3WcRNgQ",
                    "time": "2025-11-28T15:21:44.904147"
                },
                {
                    "type": "video",
                    "data": "BAACAgIAAxkBAAISd2kpvhv1mJMraVP26rr45n1OZEeGAAJ0fgACUOHYStIhSbA7jiHPNgQ",
                    "time": "2025-11-28T15:22:04.339909"
                },
                {
                    "type": "video",
                    "data": "BAACAgIAAxkBAAISdmkpvhtfctzF7xtmbew9GbnX3Wj9AAJbfgACUOHYSjWZOToMAt_pNgQ",
                    "time": "2025-11-28T15:22:04.163823"
                },
                {
                    "type": "video",
                    "data": "BAACAgIAAxkBAAISdWkpvhtqNYqr0zVRvZbI1JiMgyW7AAICTQACCW2oStB8opko5q3oNgQ",
                    "time": "2025-11-28T15:22:03.976122"
                },
                {
                    "type": "video",
                    "data": "BAACAgIAAxkBAAISdGkpvhvIAeY5Y5VqCn2myeD2LKy2AAJoUgACGSdBSiNuy64jU1uBNgQ",
                    "time": "2025-11-28T15:22:03.798461"
                },
                {
                    "type": "video",
                    "data": "BAACAgIAAxkBAAISc2kpvhsCzg5qCJKsYICauPj0eoX5AAJmUgACGSdBShiZTk2dai71NgQ",
                    "time": "2025-11-28T15:22:03.441181"
                },
                {
                    "type": "video",
                    "data": "BAACAgIAAxkBAAISgmkpvl50K2yaylR_fgNBVvVckxLwAAKAigACptzpShcGGDL3hA3ENgQ",
                    "time": "2025-11-28T15:23:10.760764"
                },
                {
                    "type": "video",
                    "data": "BAACAgQAAxkBAAISg2kpvl4RhcSRSFFbD5kKQsj5l1FMAAJoDwAC1UmhUot5SKkKWqYKNgQ",
                    "time": "2025-11-28T15:23:11.095715"
                },
                {
                    "type": "video",
                    "data": "BAACAgIAAxkBAAIShGkpvl5O02WMei1lztK-FOtfESj8AAJIUgACfwxBSKqaQT1b6Jq2NgQ",
                    "time": "2025-11-28T15:23:11.238318"
                },
                {
                    "type": "video",
                    "data": "BAACAgIAAxkBAAIShWkpvl7ms_ceu6DOjf1gWMGCVawqAAKOXgAC7BHQSmINKfronG7HNgQ",
                    "time": "2025-11-28T15:23:11.397259"
                },
                {
                    "type": "video",
                    "data": "BAACAgIAAxkBAAIShmkpvl5S5bKYgvXs1n4wGEQMeD7QAAJKhwACickZSr6HMuqhmmqONgQ",
                    "time": "2025-11-28T15:23:11.563651"
                },
                {
                    "type": "video",
                    "data": "BAACAgIAAxkBAAISlWkpvoXqmEwpwsiqisvYUe1UDhBdAAKXhgACfve4Sfy9V8YSOMY7NgQ",
                    "time": "2025-11-28T15:23:50.573848"
                },
                {
                    "type": "video",
                    "data": "BAACAgIAAxkBAAISlGkpvoVJ_5Lr5_ypZU4OUeX0IgEiAAIQjwACfvewSRaKEMrHGqJnNgQ",
                    "time": "2025-11-28T15:23:50.430357"
                },
                {
                    "type": "video",
                    "data": "BAACAgIAAxkBAAISk2kpvoWC3HFLPtGY1KBFVkBsQlScAAINjwACfvewSWJ8i4sdLlucNgQ",
                    "time": "2025-11-28T15:23:50.231303"
                },
                {
                    "type": "video",
                    "data": "BAACAgIAAxkBAAISkmkpvoXnA3BKpFJkSfLMk9-PtlweAAJMhwACickZSjp0JlE5QN9tNgQ",
                    "time": "2025-11-28T15:23:50.087519"
                },
                {
                    "type": "video",
                    "data": "BAACAgIAAxkBAAISkWkpvoXAGL8NTWGtDjedtowGIbQyAAJkhwACickZSu-nLsvSoosAATYE",
                    "time": "2025-11-28T15:23:49.745010"
                },
                {
                    "type": "video",
                    "data": "BAACAgIAAxkBAAISpWkpvpmkGkfe9LCFviNBSvnEZse2AAK4VgACGWcRS3FN5MUSHuSzNgQ",
                    "time": "2025-11-28T15:24:11.284670"
                },
                {
                    "type": "video",
                    "data": "BAACAgIAAxkBAAISpGkpvpm3RTLJJYgW6OU1qt0_WHXGAAJDVgACGWcRS9sNImKSKKlLNgQ",
                    "time": "2025-11-28T15:24:11.122181"
                },
                {
                    "type": "video",
                    "data": "BAACAgIAAxkBAAISo2kpvpnZEn_lwzBwL701kHH_Ik1gAAJbUAAC9nEQSz43ieSOk6lXNgQ",
                    "time": "2025-11-28T15:24:10.917302"
                },
                {
                    "type": "video",
                    "data": "BAACAgIAAxkBAAISomkpvpnhMi7_us0SVsDXRevCbSKNAAIPUwACaLHxSNBvmpwac8iCNgQ",
                    "time": "2025-11-28T15:24:10.706816"
                },
                {
                    "type": "video",
                    "data": "BAACAgIAAxkBAAISoWkpvplCPIPrVZoWTodZTtctyv1IAAKiUgACTkiRStKY2IMBp4FgNgQ",
                    "time": "2025-11-28T15:24:10.488293"
                },
                {
                    "type": "video",
                    "data": "BAACAgIAAxkBAAISoGkpvploONXBSp1Lw9jFGNzseTyAAAI9cgACfvfASVoVccwLroK_NgQ",
                    "time": "2025-11-28T15:24:10.009189"
                },
                {
                    "type": "video",
                    "data": "BAACAgIAAxkBAAIStWkpvq9JcnhU-hUd0W922zhnwPanAAKbIQACrk4RSb9CJ8rrVpVpNgQ",
                    "time": "2025-11-28T15:24:31.907269"
                },
                {
                    "type": "video",
                    "data": "BAACAgIAAxkBAAIStGkpvq8vUeczl48OG41u_BTjidXLAAIfLgACpGQpS9jhiGxacr7wNgQ",
                    "time": "2025-11-28T15:24:31.739645"
                },
                {
                    "type": "video",
                    "data": "BAACAgIAAxkBAAISs2kpvq-hb7exJPT67a0C3DSkXTMqAAJKXwAC3t9hSWvuxiWJxOHuNgQ",
                    "time": "2025-11-28T15:24:31.537058"
                },
                {
                    "type": "video",
                    "data": "BAACAgIAAxkBAAISsmkpvq-IpPcQp6yBlaAU_OCSOGvBAAI3MQACySuBSraypyu4sDjUNgQ",
                    "time": "2025-11-28T15:24:31.205297"
                },
                {
                    "type": "video",
                    "data": "BAACAgIAAxkBAAISwmkpvsKzc1HUQ2jIORMWslKAjmDUAAJHcgACUmJwSJI2qQE5ynKYNgQ",
                    "time": "2025-11-28T15:24:51.605016"
                },
                {
                    "type": "video",
                    "data": "BAACAgIAAxkBAAISwWkpvsKJzHmT6uT5w9O0UxkH5g5YAAL1SAACGSdBSqX1eR22PWSFNgQ",
                    "time": "2025-11-28T15:24:51.458112"
                },
                {
                    "type": "video",
                    "data": "BAACAgIAAxkBAAISv2kpvsJQqov-yN-yWSrYlTuZYC5uAALTcwACa-xhSEnvTEWNKssJNgQ",
                    "time": "2025-11-28T15:24:51.118167"
                },
                {
                    "type": "video",
                    "data": "BAACAgIAAxkBAAISvmkpvsJTy0ng6XEMvxqtpaWzAog2AAJoSgACy5kQSowvXXZEGkAbNgQ",
                    "time": "2025-11-28T15:24:50.790322"
                },
                {
                    "type": "video",
                    "data": "BAACAgIAAxkBAAISz2kpvua5S9JskHIgcXLZ4VEwrwcPAAICTgAC1nJYSpzKqGGkNFdaNgQ",
                    "time": "2025-11-28T15:25:27.418478"
                },
                {
                    "type": "video",
                    "data": "BAACAgIAAxkBAAISzmkpvuZt1s2BZti5dzUsUtJfuLD9AAJfSQACPRBpS4Q7M5DgauneNgQ",
                    "time": "2025-11-28T15:25:27.268712"
                },
                {
                    "type": "video",
                    "data": "BAACAgQAAxkBAAISzWkpvubN-aXaxDVoBUod3ebcPC9pAAK5EAACbgYYUfoHB3xzTkboNgQ",
                    "time": "2025-11-28T15:25:26.894978"
                }
            ]
        },
        "mild": {
            "name": "👩🏻‍🦳 میلف",
            "videos": []
        }
    },
    "videos": {},
    "uploaders": [
        "7388257524"
    ],
    "protect": true,
    "bans": {}
}