{
    "s3UzKXHt": {
        "type": "text",
        "data": "👤 پروفایل"
    },
    "CIbpBfrI": {
        "type": "video",
        "data": "BAACAgIAAxkBAAIErWkUz2BLXTOzS5NWlqybjykfxT6JAAL9JgAC3bWgSMCpCmHIL3IUNgQ"
    },
    "5IDAHlAX": {
        "type": "video",
        "data": "BAACAgIAAxkBAAIEwGkU0iLgatAbI4z8dnMLk4AgXS1_AAIpUQACA_LRSpArdZec26ovNgQ"
    },
    "9DuNLBCQ": {
        "type": "video",
        "data": "BAACAgIAAxkBAAIEwWkU0iI2wL6j2z8ugv7lzZSWvzKXAAJhUAACA_LRSijT1W_4oZ95NgQ"
    },
    "wpknlHDT": {
        "type": "video",
        "data": "BAACAgIAAxkBAAIEwmkU0iJlzuT-1cr5z-v2pU8y5c99AAJuUQACA_LRSr4tIvMSnpldNgQ"
    },
    "PpcmZ7ys": {
        "type": "video",
        "data": "BAACAgIAAxkBAAIEw2kU0iJg3XrI2IB51NcowgTKHSRvAAJjUAACA_LRSgzsfUQt7BzrNgQ"
    },
    "7U0nylVu": {
        "type": "video",
        "data": "BAACAgIAAxkBAAIExGkU0iLKPGUhSLqwCvTjnEjlHHIJAAIqUQACA_LRSslGjh3gTczONgQ"
    },
    "ikC1VS1a": {
        "type": "photo",
        "data": "AgACAgIAAxkBAAIFBGkU2aWAdisS16m7LP3AbsRqRDKuAAIQ3DEbxpt4StGKorC7CxfVAQADAgADeQADNgQ"
    },
    "LrQ6xO0T": {
        "type": "video",
        "data": "BAACAgIAAxkBAAIFxmkU5VwEogTcydTseWHpqfo_lbiBAAJJLgACLhaYSTPGY3NWztUmNgQ"
    },
    "xTtYmcCS": {
        "type": "video",
        "data": "BAACAgIAAxkBAAIHAmkVBJjnUiFiBxrMCwW71JfLbttsAAKEYgACPCEJSNVpVsqupcozNgQ"
    },
    "L3IRIaDj": {
        "type": "video",
        "data": "BAACAgIAAxkBAAIHGmkVBXdaxV2bGVnk5ENmTo_tm3Q8AAJ7YgACPCEJSPq_O2xb1PI9NgQ"
    },
    "HIshCrCO": {
        "type": "video",
        "data": "BAACAgIAAxkBAAIKvmkXRq4cIsyY-jPZnVYUQ5JyhyzYAAJ8UgACKrZAS4qauabeFVnRNgQ",
        "time": "2025-11-14T15:11:42.739196"
    },
    "pfPx7vcH": {
        "type": "video",
        "data": "BAACAgIAAxkBAAIKxGkXWr8yFSmeIUvGZREnUSiW9iSPAAKlYgACXhx5S8LXSFIwC5PtNgQ",
        "time": "2025-11-14T16:37:20.059577"
    },
    "vwmrRpC8": {
        "type": "video",
        "data": "BAACAgIAAxkBAAIKxmkXWr-uykpkBrBFEGZ3qkAnS85oAAKKaQACXhx5S2_b2RmARDDcNgQ",
        "time": "2025-11-14T16:37:20.208225"
    },
    "0CFg0RcD": {
        "type": "video",
        "data": "BAACAgIAAxkBAAIKx2kXWr8K2CR6050BI88uRSTGumzmAAIUNwACuywIS-rA012-UlnNNgQ",
        "time": "2025-11-14T16:37:20.339484"
    },
    "WqVXa2y6": {
        "type": "video",
        "data": "BAACAgIAAxkBAAIKyGkXWr9DahhOasZ24sbf6PY8Dn35AAIWYQAC3I2AS-qD0qnYNTZTNgQ",
        "time": "2025-11-14T16:37:20.473272"
    },
    "PLswRLGm": {
        "type": "video",
        "data": "BAACAgEAAxkBAAINrmkeFEG30dPeu_-X4FhItpKz9BlNAAIoAgAC6CLoRwj10ZakhbThNgQ",
        "time": "2025-11-19T19:02:25.838058"
    },
    "yzMXcplH": {
        "type": "photo",
        "data": "AgACAgEAAxkBAAINr2keFEEVN7V--7ZI2Dey_odkqCK1AAJ0C2sbtpXhRJiBhRVk4WFBAQADAgADdwADNgQ",
        "time": "2025-11-19T19:02:25.899195"
    },
    "b7PBy2kb": {
        "type": "photo",
        "data": "AgACAgEAAxkBAAINsGkeFEGjcuU0jYJHdWFTYGv6yz1nAAJ1C2sbtpXhRBmxe75kukNoAQADAgADdwADNgQ",
        "time": "2025-11-19T19:02:26.221995"
    },
    "nwSU6ZrG": {
        "type": "video",
        "data": "BAACAgEAAxkBAAINsWkeFEEYNJh1W55bjt7b4chJI9ndAALlBQACtpXpRJNq1xL61LObNgQ",
        "time": "2025-11-19T19:02:26.404901"
    },
    "ORSjjCno": {
        "type": "video",
        "data": "BAACAgEAAxkBAAINsmkeFEFnr2DZzphIWRtrNwpTFTj-AAINBgACtpXpRIwe3Ui2lcSaNgQ",
        "time": "2025-11-19T19:02:26.559740"
    },
    "1K1TQylm": {
        "type": "photo",
        "data": "AgACAgEAAxkBAAINsGkeFEGjcuU0jYJHdWFTYGv6yz1nAAJ1C2sbtpXhRBmxe75kukNoAQADAgADdwADNgQ",
        "time": "2025-11-19T19:03:08.719212"
    },
    "MYhKuKnX": {
        "type": "video",
        "data": "BAACAgIAAxkBAAIN_mkeFl9TLD5BxPqaA8bUd-TfxmuoAAJeYQACbfwAAUkDKxDGaSf2uzYE",
        "time": "2025-11-19T19:11:27.889694"
    },
    "7xpwtDs3": {
        "type": "photo",
        "data": "AgACAgQAAxkBAAIQD2kh_Rya-gFowWRSP1puhfDtdwuWAALqC2sbIwcRUcwbpfjtGNO9AQADAgADeQADNgQ",
        "time": "2025-11-22T18:12:45.051761"
    },
    "A86ACttK": {
        "type": "video",
        "data": "BAACAgIAAxkBAAIREGkpqzlSKOUMaULBrjin9dpB6a1JAAKAHQACG1XYSufs5MBUHleXNgQ",
        "time": "2025-11-28T14:01:29.676036"
    },
    "fsKHjs4T": {
        "type": "video",
        "data": "BAACAgIAAxkBAAIS1mkpvv6IfwrFIrC77Hi6zEmpDKeBAAKJGQACVboRSGpWIq4-wi8ENgQ",
        "time": "2025-11-28T15:25:50.477463"
    },
    "EOSLpUpH": {
        "type": "video",
        "data": "BAACAgIAAxkBAAIS12kpvv5bHk4RnbAAAfs4MMb5y97ysgACER8AAkvx6Utja-wOF2CEbDYE",
        "time": "2025-11-28T15:25:50.557603"
    }
}